{"type": "metrics", "dataset": "train", "precision": 0.6964705882352941, "balanced_accuracy": 0.6640888372438779, "recall": 0.37587301587301586, "f1_score": 0.4882474226804124}
{"type": "metrics", "dataset": "test", "precision": 0.6742700729927007, "balanced_accuracy": 0.6686246739704022, "recall": 0.3877229800629591, "f1_score": 0.49233844103930713}
{"type": "cm_matrix", "dataset": "train", "true_0": {"predicted_0": 15454, "predicted_1": 774}, "true_1": {"predicted_0": 2949, "predicted_1": 1776}}
{"type": "cm_matrix", "dataset": "test", "true_0": {"predicted_0": 6716, "predicted_1": 357}, "true_1": {"predicted_0": 1167, "predicted_1": 739}}
